OBJECTID,GLOBALID,REGISTRO,ACTIVIDAD.ECONOMICA,TELEFONO,CORREO.ELECTRONICO,N.ESTABLECIMIENTO,ENCUESTADOR,OTRA.ACTIVIDAD.ECONOMICA,COD.ESTABLECIMIENTO,LETRERO,LETRERO.PINTADO,ENTRADA,CELULAR,CELULAR.SECUNDARIO,ZONA,PALABRA.CLAVE,X,Y
3,9b861b1c-a640-4e16-878c-24f4d4d5fc6a,6/8/2020 20:38,Otro,0,,0,2,,15206_1,no,no,Pequeña,0,0,FISDECO,Indefinido,-74.141005,4.548814
4,d371a6c8-50e1-4b97-8f8a-f778248ad897,6/8/2020 20:52,Comercial,0,,panadería y Cafetería YAKI,2,,14035_1,si,no,Estandar,0,0,FISDECO,Panadería,-74.141122,4.54902
5,116f0c17-fc0b-4981-8b3e-532cb263a66a,6/8/2020 20:56,Servicios,0,,Centro Electrónico El Lucero,2,,14035_2,si,no,Estandar,3144453641,0,FISDECO,Taller,-74.141513,4.548987
7,160dbc6d-5fa2-4b9f-86a9-cf9edcc3820b,6/8/2020 21:06,Servicios,0,,Servibanca,2,,14035_4,si,no,Pequeña,0,0,FISDECO,Financiero,-74.1417,4.548851
8,45687905-d958-4316-8e6c-976495147ac4,6/8/2020 21:11,Servicios,0,,Barbería y peluquería EMMANUEL,2,,14035_5,si,no,Estandar,0,0,FISDECO,Peluquería,-74.141585,4.548618
10,9ff3f097-9b94-4a00-8474-83201ca11026,6/8/2020 21:20,Comercial,0,,Alquiler y venta de disfraces,2,,14035_7,si,no,Estandar,0,0,FISDECO,Ropa,-74.141119,4.548816
11,6e98571e-9543-4a1f-83fc-7a1041387a4f,6/8/2020 21:31,Comercial,0,,0,2,,2157_1,no,no,Estandar,0,0,FISDECO,Supermercado,-74.141087,4.548604
13,ab2693e8-76da-4c46-8fdf-6684389929a3,6/8/2020 21:38,Comercial,0,,Tejidos norma hilos hilazas,2,,2157_3,si,no,Estandar,0,0,FISDECO,Textil,-74.141282,4.548541
14,710c6f07-dc63-415c-8b26-bfcc3c8bf357,6/8/2020 21:43,Comercial,0,,0,2,,2157_4,no,no,Estandar,0,0,FISDECO,Supermercado,-74.141598,4.54848
16,379609ac-3744-4c3e-823b-822564031882,6/8/2020 21:56,Comercial,0,,0,2,,14940_1,no,no,Estandar,0,0,FISDECO,Supermercado,-74.14171,4.548455
17,5c6be555-a708-4c7a-87ce-d739a5eb56ca,6/8/2020 23:12,Comercial,0,,0,2,,14942_1,no,no,Estandar,0,0,FISDECO,Supermercado,-74.141462,4.547135
18,c09650a6-1d19-43ae-8370-857dc04aa97c,6/8/2020 23:17,Servicios,0,,Alquiler de luces y sonido,2,,14240_1,si,no,Estandar,3212342351,0,FISDECO,Audiovisual,-74.140989,4.548598
19,b9d49626-f0c6-44d0-87e2-fa5dda72aa9a,6/8/2020 23:51,Comercial,0,,Sutatenza Papelería,2,,14240_2,si,no,Estandar,0,0,FISDECO,Miscelánea,-74.14144,4.548052
20,01736638-b591-4712-83a5-fa0eae66b150,6/8/2020 23:57,Comercial,0,,0,2,,32966_1,no,no,Estandar,0,0,FISDECO,Supermercado,-74.141955,4.546952
21,8a91ba26-791b-4039-8eb1-5e5a66d7dd82,6/9/2020 0:34,Comercial,0,,0,2,,32966_2,no,no,Pequeña,0,0,FISDECO,Supermercado,-74.1421,4.546896
23,2f74272d-eaaf-4aaf-8402-73e37a0bc749,6/9/2020 0:44,Comercial,0,,Tienda de Cerveza Esqui ranja,2,,10160_1,si,no,Estandar,0,0,FISDECO,Licores,-74.142753,4.545208
24,04da3ebb-2c52-4606-8c4f-58093826ac70,6/9/2020 0:56,Otro,0,,0,2,,10160_2,no,no,Estandar,0,0,FISDECO,Indefinido,-74.143009,4.545929
25,58ddc6f4-0f8e-4b7c-8e31-e47222799c87,6/9/2020 1:00,Comercial,0,,0,2,,1415_1,no,no,Estandar,0,0,FISDECO,Supermercado,-74.142812,4.545197
26,6e1d8521-1f73-4f75-8d86-74791645ca89,6/9/2020 1:06,Comercial,0,,0,2,,1415_2,no,no,Estandar,0,0,FISDECO,Supermercado,-74.142927,4.545592
27,adfbe6e0-03e3-43c2-8d1a-a426f3e6689a,6/9/2020 1:10,Comercial,0,,ZoeHogar,2,,1415_3,si,no,Pequeña,0,0,FISDECO,Distribuidora,-74.142931,4.545607
28,eab32d47-dc05-4ee7-8569-fd47b97f39e0,6/9/2020 1:11,Otro,0,,Centro de desarrollo infantil,2,ICBF,1415_4,si,no,Estandar,0,0,FISDECO,Asociación,-74.142971,4.5457
29,a8ebf4ba-eecb-4331-820f-c7e8e93c376b,6/9/2020 1:14,Otro,0,,Centro de desarrollo infantil ICBF,2,ICBF,1415_5,si,no,Estandar,0,0,FISDECO,Asociación,-74.143526,4.545766
30,29eaf66b-c1ed-4081-89ae-27c3dbb5f827,6/9/2020 1:19,Otro,0,,0,2,,9603_1,no,no,Pequeña,0,0,FISDECO,Indefinido,-74.143957,4.545388
31,959d7add-7782-4f91-8dea-bfffb48013bd,6/9/2020 1:26,Comercial,0,,0,2,,9603_2,no,no,Estandar,0,0,FISDECO,Supermercado,-74.143966,4.54545
32,edcf2d01-89a3-4747-8281-59cd91ec7b35,6/9/2020 1:30,Comercial,0,,0,2,,9603_3,no,no,Estandar,0,0,FISDECO,Licores,-74.143991,4.545518
33,6372f3ac-fdd5-4668-89a0-544eb24ea5ec,6/9/2020 1:33,Comercial,0,,0,2,,31991_1,no,no,Estandar,0,0,FISDECO,Supermercado,-74.14438,4.545047
34,2844a8c8-8604-43da-83da-cbdb722a7b6f,6/9/2020 1:45,Comercial,0,,0,2,,10157_1,no,no,Estandar,0,0,FISDECO,Supermercado,-74.14414,4.544665
41,e57e09c7-2b5a-4f53-8f84-22e3bb930e5e,6/9/2020 3:18,Industrial,0,,0,2,,21567_1,no,no,Estandar,0,0,CPS,Metalurgica,-74.148939,4.54073
42,7c42b43f-9b0e-4545-8235-198a27209f3c,6/9/2020 3:25,Comercial,0,,Tienda el danubio,2,,21567_2,si,no,Estandar,0,0,CPS,Licores,-74.149028,4.540844
43,529cf480-f34e-490b-8043-2ba3b9e16c75,6/9/2020 3:28,Otro,0,,Parqueadero y Chatarra,2,Parqueadero,21567_3,no,no,Estandar,0,0,CPS,Parqueadero,-74.149331,4.541019
44,48abfbc8-8de1-49d1-859b-f4814d3bfc8a,6/9/2020 3:44,Servicios,0,,Taller Electrónico El Costeño,2,,21567_4,si,no,Estandar,0,0,CPS,Taller,-74.149541,4.540982
45,77aa81b2-e913-4070-868e-baf0605174df,6/9/2020 3:46,Comercial,0,,0,2,,36330_1,no,no,Estandar,0,0,CPS,Supermercado,-74.148874,4.540815
46,748709c4-5248-4898-82d3-9c48a67f59ed,6/9/2020 3:53,Servicios,0,,Lavadoras Ulloa,2,,36330_2,si,no,Estandar,0,0,CPS,Taller,-74.148986,4.540929
47,e7982fe9-24f4-4064-85f1-9dad64c1e0ab,6/9/2020 3:56,Comercial,0,,Supermercado Surabastos Miguelito,2,,36330_3,si,no,Estandar,0,0,CPS,Supermercado,-74.149062,4.54109
48,a3cfc32e-d2e4-4517-8878-b91212e1b470,6/9/2020 4:00,Servicios,7805991,,Laboratorio Dental Odontologia,2,,36330_4,si,no,Estandar,0,0,CPS,Salud,-74.149308,4.541357
49,d1e30a77-45c0-4eef-8aae-13dddfc785c1,6/9/2020 4:03,Comercial,0,,Aseo el vacan,2,,36330_5,si,no,Estandar,0,0,CPS,Distribuidora,-74.149382,4.541476
50,2d837e1c-a48a-4ac0-8fd2-ab6dd01ade96,6/9/2020 4:06,Comercial,0,,Disfraces,2,,36330_6,si,no,Estandar,0,0,CPS,Textil,-74.149389,4.541662
51,a1552d0a-e6c1-4fdb-890a-779df846712f,6/9/2020 4:09,Comercial,0,,Papelería Miscelania Fotocopias,2,,36882_1,si,no,Estandar,0,0,CPS,Miscelánea,-74.151097,4.539519
52,f593b561-1546-42d6-8f83-b0be32b6df30,6/10/2020 21:39,Otro,0,,0,2,,21564_1,no,no,Pequeña,0,0,CPS,Indefinido,-74.151093,4.540567
53,a6cbead4-3df7-484e-84d0-7fbf319c4091,6/10/2020 23:39,Otro,0,,0,2,,21564_2,no,no,Pequeña,0,0,CPS,Indefinido,-74.150567,4.540679
54,752da818-1cf3-47b5-8e82-dace1610e408,6/10/2020 23:46,Comercial,0,,0,2,,24660_1,no,no,Pequeña,0,0,CPS,Supermercado,-74.1511,4.539182
55,ace23b8f-b1ab-4b6d-852e-545d55a90c2d,6/10/2020 23:55,Comercial,0,,0,2,,24660_2,no,no,Pequeña,0,0,CPS,Licores,-74.150812,4.538964
56,dd8b0e8a-7d00-4b3e-8f66-0fffd66f5de8,6/10/2020 23:57,Otro,0,,Iglesia jesucristo misionera,2,Iglesia cristia,24660_3,si,no,Pequeña,0,0,CPS,Iglesia,-74.150695,4.538954
57,085000e6-ac76-4101-883e-48b8e4aba161,6/11/2020 0:10,Comercial,0,,Miscelánea y Papelería,2,,24814_1,si,no,Pequeña,0,0,CPS,Miscelánea,-74.151079,4.538935
58,3846b5b3-afd3-43b6-8542-cee5e212ed51,6/11/2020 0:35,Comercial,0,,0,2,,42952_1,no,no,Pequeña,0,0,CPS,Supermercado,-74.149978,4.538837
59,b9ee1fd0-9758-4306-8a4b-7949d5473190,6/11/2020 0:37,Comercial,0,,Droguería su salud gran tesoro,2,,38694_1,si,no,Estandar,0,0,CPS,Droguería,-74.148881,4.539155
60,5aa3fa16-b1c7-4908-824f-d3124cc8733e,6/11/2020 0:55,Industrial,0,,0,2,,38694_2,no,no,Pequeña,0,0,CPS,Metalurgica,-74.148718,4.539372
61,ffe25a35-10df-4c8a-8e0c-a26239fdb3ee,6/11/2020 0:57,Servicios,0,,0,2,,38694_3,no,no,Estandar,0,0,CPS,Parqueadero,-74.148582,4.539545
62,e73f7e56-508c-458b-8327-fc89fdadeebc,6/11/2020 1:08,Otro,0,,0,2,,38694_4,no,no,Estandar,0,0,CPS,Indefinido,-74.148545,4.539597
63,b7777773-897d-4193-871b-13128e8b8561,6/11/2020 1:24,Servicios,7317083,,Gas tural Ferregas tural,2,,38694_5,si,si,Estandar,3202134342,0,CPS,Servicios publicos,-74.14851,4.539641
64,83256e7a-f62c-48df-8432-4562e62613a8,6/11/2020 1:28,Comercial,0,,Pollo y fresas Delifruver viveres,2,,38694_6,si,si,Estandar,0,0,CPS,Supermercado,-74.148218,4.540259
65,606f100b-491c-4907-8330-8bd454bebbbd,6/11/2020 1:46,Comercial,0,,Ferretería,2,,38694_7,no,no,Estandar,0,0,CPS,Herramientas,-74.14837,4.540295
66,f20855bd-9915-4685-81a1-c0f5d3e3d8b6,6/11/2020 2:05,Servicios,0,,Taller y motolavado KAIROS,2,,21922_1,si,no,Estandar,3112974013,0,CPS,Taller,-74.148624,4.540487
67,6ae43219-2c05-4e06-8036-95ad7e4e6d84,6/11/2020 2:10,Comercial,0,,Mercafruver la placita santanderea,2,,21922_2,si,no,Estandar,0,0,CPS,Supermercado,-74.148688,4.540515
68,24b609c1-ea4f-4b98-8128-09bf8c6e24ee,6/11/2020 17:59,Comercial,0,,Tienda Blanquita,2,,38693_1,si,no,Estandar,0,0,CPS,Licores,-74.151236,4.540574
69,43bf60a3-9bfd-40b5-8813-2a402422da8f,6/11/2020 18:05,Comercial,0,,Supermercado el lio,2,,38693_3,si,no,Estandar,0,0,CPS,Supermercado,-74.151284,4.540704
70,22409a2b-ccd2-4fa7-824e-3b3379f6402e,6/11/2020 18:10,Comercial,0,,0,2,,38693_2,no,no,Pequeña,0,0,CPS,Supermercado,-74.151274,4.540674
71,92f14251-d085-4097-8a0a-e4705be607e2,6/11/2020 18:18,Comercial,0,,El trebol,2,,38693_4,si,no,Estandar,0,0,CPS,Supermercado,-74.151332,4.540865
72,a97d845e-f8b0-4ee2-8a00-439741767847,6/11/2020 18:20,Otro,0,,0,2,,38693_5,no,no,Estandar,0,0,CPS,Indefinido,-74.14932,4.541208
73,e941081d-8cdc-43b9-8595-2f00f4ee24b9,6/11/2020 19:53,Comercial,0,,0,2,,21215_1,no,no,Pequeña,0,0,CPS,Supermercado,-74.151379,4.541027
74,d7413312-e079-4eb3-82f9-dfebe47bd18d,6/11/2020 19:55,Comercial,0,,0,2,,21215_2,no,no,Estandar,0,0,CPS,Supermercado,-74.151418,4.541153
75,f6d46aaa-3aa6-4c7f-83a4-fc9f76b26d9f,6/11/2020 19:57,Comercial,0,,Aseo variedades,2,,21215_3,si,no,Estandar,0,0,CPS,Distribuidora,-74.151535,4.541518
76,b61790c2-27ec-4192-8576-c069325aa761,6/11/2020 20:00,Servicios,0,,Billar Shirley,2,,21215_4,si,si,Estandar,0,0,CPS,Juegos,-74.151583,4.541654
77,ada0057d-7b15-476d-8f4a-a75359ce98bb,6/11/2020 20:08,Otro,0,,Chatarreria 24 horas,2,Chatarra,37213_1,si,si,Estandar,0,0,CPS,Reciclaje,-74.149492,4.541769
78,54634879-6872-4ce2-8da4-ede304707143,6/11/2020 20:16,Servicios,0,,Venta de Gas,2,,37213_2,si,no,Estandar,0,0,CPS,Servicios publicos,-74.149585,4.541916
79,947ca67f-003e-41ed-8be1-c6bf945b42bf,6/11/2020 20:26,Comercial,0,,0,2,,21162_1,no,no,Estandar,0,0,CPS,Supermercado,-74.149425,4.541738
80,aa7d6b8e-27a8-43cc-831a-211dff19bfb7,6/11/2020 20:28,Servicios,0,,motolavado,2,,21162_2,si,si,Estandar,0,0,CPS,Lavado,-74.149469,4.541905
81,2cdb6e06-2ad1-4620-8413-46a4e4f66f34,6/11/2020 20:34,Comercial,0,,2c uvita Miscelánea,2,,21162_3,si,no,Estandar,0,0,CPS,Miscelánea,-74.149888,4.542353
82,39fc4fe5-38b3-4221-8f71-3cfc02d9e88a,6/11/2020 20:38,Comercial,0,,Licores Minutos,2,,33740_1,si,si,Estandar,0,0,CPS,Licores,-74.149788,4.542177
83,1e950475-13e5-47a2-88b8-afcb1a38efc2,6/11/2020 20:47,Comercial,0,,panadería Yuly,2,,35078_1,si,no,Estandar,0,0,CPS,Panadería,-74.148567,4.540558
84,8efa907e-659d-4191-8bb8-c20132e90579,6/11/2020 20:48,Comercial,0,,0,2,,35078_2,no,no,Estandar,0,0,CPS,Distribuidora,-74.148653,4.540643
85,6c5e8a2f-236b-4657-8b32-3c88201d9210,6/11/2020 20:51,Comercial,0,,Almacen  y Arreglos de Ropa,2,,35078_3,si,no,Estandar,0,0,CPS,Textil,-74.148722,4.540658
86,4baeb642-0fc4-4477-83f8-78af50de8699,6/11/2020 20:55,Comercial,0,,Cigarrería NIGERSAN,2,,35078_4,si,no,Estandar,0,0,CPS,Cigarrería,-74.148766,4.540677
87,c82c1c27-7f6e-4719-809f-7baf64f0b0f6,6/11/2020 20:57,Comercial,0,,0,2,,40927_1,no,no,Estandar,0,0,CPS,Supermercado,-74.147959,4.540156
88,e233d405-7297-4454-8e14-98bdb99dca0a,6/11/2020 21:11,Financiero,0,,Chance Paga Todo para Todo,2,,40927_2,si,no,Estandar,0,0,CPS,Juegos,-74.147989,4.54018
89,fd194bc7-75a7-420b-88a8-e080971da854,6/11/2020 21:16,Servicios,0,,Tecni Sony,2,,40927_3,si,no,Pequeña,0,0,CPS,Audiovisual,-74.148082,4.540258
90,e8d4fa6b-8ef8-489a-8031-8d0cba464da9,6/11/2020 21:18,Comercial,0,,Distribuidora de Pollo y Salsamentaria,2,,40927_5,si,no,Estandar,0,0,CPS,Distribuidora,-74.148228,4.540331
91,85a80e05-4cd4-43aa-88bb-d8c312d9b1ed,6/11/2020 21:27,Servicios,0,,Peluquería Vicky,2,,40927_6,si,no,Estandar,0,0,CPS,Peluquería,-74.148263,4.540369
92,b7427014-4d5a-4097-8da9-ec6f3a6a0f75,6/11/2020 21:28,Servicios,0,,Parabólica HV TV,2,,40927_7,si,no,Estandar,0,0,CPS,Telecomunicaciones,-74.148293,4.540387
93,e75a785d-d1e5-445e-8431-ba25b679be27,6/11/2020 21:30,Comercial,0,,Pañalera Mati,2,,40927_8,si,no,Estandar,0,0,CPS,Pañalera,-74.148317,4.540398
94,dd7ca2cb-20e0-42be-8ebb-8926aa0f05c8,6/11/2020 21:32,Servicios,0,,Peluquería Saray,2,,40927_9,si,no,Estandar,0,0,CPS,Peluquería,-74.148363,4.540435
95,43476a25-773d-4baf-8eb9-b7f54aaeebe6,6/11/2020 21:37,Comercial,0,,Papelería,2,,40927_10,si,si,Estandar,0,0,CPS,Miscelánea,-74.148417,4.540461
96,e950e43f-3ed6-452d-8597-7f248fbdabe9,6/11/2020 21:39,Comercial,0,,Comida Rápidas Servicio de Cafetería,2,,40927_11,si,si,Estandar,0,0,CPS,Restaurante,-74.148449,4.540486
97,51d62a09-5ae3-4689-8122-43f4450e73dd,6/11/2020 21:42,Comercial,0,,la sabrosita,2,,38692_2,si,no,Estandar,0,0,CPS,Restaurante,-74.146107,4.539125
98,f2f81b70-95f7-4871-8324-ba48fbdafe5a,6/11/2020 22:04,Servicios,0,,Internet Servi-Rojas,2,,38692_3,si,si,Estandar,0,0,CPS,Telecomunicaciones,-74.146161,4.539116
99,a38e31cd-9549-4eba-8b0b-ddfb7ceede45,6/11/2020 22:07,Comercial,0,,0,2,,38692_4,no,no,Estandar,0,0,CPS,Restaurante,-74.146211,4.539167
100,92e2f9db-a114-416c-8052-b307c5bf4da9,6/11/2020 22:08,Comercial,0,,0,2,,38692_5,no,no,Estandar,0,0,CPS,Remate,-74.146246,4.539175
101,b5359143-edc3-48f1-8e39-5bcda42453ef,6/11/2020 22:10,Comercial,0,,Distribuidora de Pollo GABY,2,,38692_6,si,no,Estandar,0,0,CPS,Restaurante,-74.146318,4.539218
102,2fa5a9a6-5d19-42df-859e-094e0fc1390e,6/11/2020 22:13,Servicios,0,,Mantenimiento de Celulares y Tabletas Servicio Tecnico,2,,38692_7,si,no,Estandar,0,0,CPS,Telecomunicaciones,-74.146378,4.539232
103,131c5023-0609-4de9-82d1-f96fe3b5008e,6/11/2020 22:33,Otro,0,,Iglesia Cristia,2,Iglesia Cristia,38692_8,si,no,Estandar,0,0,CPS,Iglesia,-74.146444,4.539257
104,b8ed47c8-1d22-4560-8f38-2b95d1752346,6/11/2020 22:35,Comercial,0,,Panadería y Cafeteria LAS MESITAS,2,,38692_9,si,no,Estandar,0,0,CPS,Panadería,-74.14653,4.539282
106,374a6baa-8fc3-48e1-852b-bcfb656e2c5f,6/11/2020 22:40,Comercial,0,,0,2,,17740_1,no,no,Estandar,0,0,CPS,Ropa,-74.146122,4.539215
107,0ea1b7be-3aaf-483d-8fd9-13f7db1d425c,6/11/2020 22:47,Servicios,0,,Chance Paga Todo para Todo,2,,17740_2,si,no,Estandar,0,0,CPS,Juegos,-74.146173,4.539237
108,018a579e-aac4-4965-837a-3e509a0de967,6/11/2020 22:49,Comercial,0,,Fruver Fruty Campo,2,,17740_3,si,no,Estandar,0,0,CPS,Supermercado,-74.146221,4.539246
109,07a80d27-8f20-4156-84a7-ae38d5b9e19c,6/11/2020 22:55,Comercial,0,,0,2,,17740_4,no,no,Estandar,0,0,CPS,Carniceria,-74.146294,4.539279
111,251b7f44-cbe8-4548-88b9-c86c14bcce0f,6/11/2020 22:59,Comercial,0,,Mercosur,2,,8156_1,si,no,Estandar,0,0,CPS,Supermercado,-74.146432,4.539329
113,9833ed9a-c38b-4cf0-8352-929137a16dce,6/11/2020 23:18,Comercial,0,,Asadero Restaurante El Preferido,2,,23177_1,si,no,Estandar,3106059607,3204198004,CPS,Restaurante,-74.146618,4.539325
114,9c784ffc-2b57-4c1d-863d-4d586f32cf84,6/11/2020 23:21,Servicios,0,,Peluquería Lucy Estilos,2,,8156_3,si,no,Estandar,0,0,CPS,Peluquería,-74.146599,4.539387
115,955425cf-aa9c-485e-8c65-21c7a49505a4,6/11/2020 23:24,Comercial,0,,0,2,,23177_2,no,no,Estandar,0,0,CPS,Remate,-74.146658,4.539339
116,9a88917e-e75d-48ec-85a2-d730b2c51960,6/11/2020 23:28,Servicios,0,,0,2,,23177_4,no,no,Estandar,0,0,CPS,Juegos,-74.146734,4.539371
117,44496a59-5a70-4445-85b5-1b170f8edd80,6/11/2020 23:32,Servicios,0,,La principal en comunicaciones Minutos,2,,23177_5,si,no,Estandar,0,0,CPS,Telecomunicaciones,-74.146776,4.539377
118,d1e0d9b4-eb79-42f3-88b0-4264db96c070,6/11/2020 23:35,Comercial,0,,0,2,,23177_6,no,no,Estandar,0,0,CPS,Distribuidora,-74.146791,4.539387
119,619159f5-1045-43a1-87f6-c02c79e2841c,6/11/2020 23:36,Comercial,0,,0,2,,23177_7,no,no,Estandar,0,0,CPS,Remate,-74.146845,4.539401
120,07caca72-fc27-41e7-8f72-a82911181004,6/11/2020 23:39,Comercial,0,,0,2,,23177_8,no,no,Estandar,0,0,CPS,Remate,-74.146867,4.539411
121,71ec9e61-4c53-4881-8de8-fa40b25e19c7,6/11/2020 23:42,Comercial,0,,Fruteria y Heladeria El Paisa,2,,23177_9,si,no,Estandar,0,0,CPS,Cigarrería,-74.146914,4.539429
122,f3e57386-f72b-49c3-8348-86cf9db7ca13,6/11/2020 23:44,Comercial,0,,Ferretería Torres,2,,23177_10,si,no,Estandar,0,0,CPS,Herramientas,-74.146952,4.53944
123,6577b078-c56a-424e-8678-f421597ccba3,6/11/2020 23:48,Comercial,0,,Arreglos de Costuras y Tejidos,2,,23177_11,si,no,Estandar,0,0,CPS,Textil,-74.146975,4.539447
124,5001538d-459c-4fce-8656-a8e7e7094f89,6/11/2020 23:50,Comercial,0,,Sumermercado Luisa y w,2,,23177_12,si,no,Estandar,0,0,CPS,Supermercado,-74.146989,4.539455
125,02236e0f-b056-4e36-8e68-65585ce557e5,6/11/2020 23:52,Comercial,0,,0,2,,23177_13,si,no,Estandar,0,0,CPS,Floristeria,-74.147019,4.539465
126,6d827542-1d46-4186-825e-b4859158517c,6/11/2020 23:54,Comercial,0,,0,2,,23177_14,no,no,Estandar,0,0,CPS,Remate,-74.147187,4.539532
127,b56d2913-fa94-4308-8e1c-5b231ac41e7c,6/11/2020 23:56,Comercial,0,,Pañalera Bambinos,2,,23177_15,si,no,Estandar,0,0,CPS,Pañalera,-74.147214,4.539541
128,2d064aec-a2f3-4f1b-833a-a5f99d2bc699,6/11/2020 23:58,Servicios,0,,Peluquería y Estetica Tendencia,2,,23177_16,si,no,Estandar,3204555346,0,CPS,Peluquería,-74.147255,4.539557
129,56dfc54a-9cdb-406e-8e06-6c68b28c65a0,6/12/2020 0:01,Comercial,0,,Carniceria Santa A,2,,23177_17,si,no,Estandar,0,0,CPS,Carniceria,-74.147288,4.539562
130,04fb998e-7d24-4d47-8bc8-8f0430e7c16c,6/12/2020 0:12,Servicios,0,,Llamadas Telecom,2,,23177_3,si,no,Estandar,0,0,CPS,Telecomunicaciones,-74.146696,4.539343
131,db76eb1c-842b-41d2-8252-afdafeb34791,6/12/2020 0:14,Comercial,0,,Supermercado Variedades Fer,2,,21688_1,si,no,Estandar,0,0,CPS,Supermercado,-74.147401,4.539606
132,f7576c5a-06a0-4d3a-83ae-754471490848,6/12/2020 0:41,Servicios,0,,Peluquería ncy,2,,21688_2,si,si,Estandar,0,0,CPS,Peluquería,-74.147446,4.539632
133,4c26c7c9-b429-4cb0-8ff2-2ecf16b5e47a,6/12/2020 0:45,Servicios,0,,Servicio Tecnico Celulares Computadores COMPUSAHER,2,,21688_3,si,no,Estandar,0,0,CPS,Telecomunicaciones,-74.147471,4.539651
134,05a42d3e-cbfe-4c1b-831c-9d3ae8802ae0,6/12/2020 0:49,Servicios,0,,Odontologia -Consultorio Odontologico,2,,21688_4,si,no,Estandar,0,0,CPS,Salud,-74.14749,4.539661
135,f45e549a-9bc1-43b6-8621-0973cae8510e,6/12/2020 0:52,Comercial,0,,Compra Venta El Diamante,2,,21688_5,si,no,Estandar,0,0,CPS,Compraventa,-74.147533,4.53969
136,15adcc06-f124-45c5-8287-ce2c070bd609,6/12/2020 0:54,Servicios,0,,Clinica Veteriria,2,,21688_6,si,no,Estandar,3203182965,3108146295,CPS,Mascotas,-74.147617,4.539735
137,257a7081-283a-4a19-876b-64141cd4b667,6/12/2020 1:01,Comercial,3205444,,Deposito de Herramientas Ferretería,2,,21688_7,si,no,Estandar,3123549826,0,CPS,Herramientas,-74.147724,4.53981
138,610defd0-5fd5-4474-8d41-09471b270db3,6/12/2020 1:03,Servicios,0,,Peluquería Barberia Barber Shop,2,,21688_8,si,si,Estandar,0,0,CPS,Peluquería,-74.147745,4.539833
139,f3c8c76e-6a8e-4604-85e2-3f807cb9f515,6/12/2020 1:05,Servicios,0,,Tattoo,2,,21688_8.1,si,si,Pequeña,0,0,CPS,Peluquería,-74.147738,4.539825
140,bd7d6d9d-090a-4790-8a08-0fbc7bc2b631,6/12/2020 1:07,Comercial,0,,Cacharreria y Remates,2,,21688_9,si,no,Estandar,0,0,CPS,Remate,-74.14782,4.539863
141,94d41896-b543-4b47-89a0-38100d10f723,6/12/2020 1:11,Comercial,0,,Panadería y Pasteleria Suprema Torta,2,,21688_10,si,no,Estandar,0,0,CPS,Panadería,-74.14785,4.539895
142,7e4f4e7e-f2fd-4d41-8d0f-24a3f482c7b6,6/12/2020 1:13,Comercial,0,,Droguería Elver,2,,21688_11,si,no,Estandar,0,0,CPS,Droguería,-74.147888,4.539923
143,d22f11d2-e522-4cc0-8b2f-4578b80fcdac,6/12/2020 1:16,Comercial,0,,Colchones,2,,21688_12,si,no,Estandar,0,0,CPS,Manufactura,-74.147901,4.539938
144,8abf8f17-dd2e-4782-8f13-b1710766766a,6/12/2020 1:18,Comercial,0,,Asadero POLLOS Y PARRILLA,2,,21688_13,si,no,Estandar,0,0,CPS,Restaurante,-74.147951,4.539968
145,c099e362-9964-4111-86bf-8663a4e3ea76,6/12/2020 1:20,Comercial,0,,Pasteleria Arte y Sabor,2,,21688_14,si,no,Estandar,0,0,CPS,Panadería,-74.14797,4.540006
146,b174aeb2-3cc7-4322-837e-c41db8f4780e,6/12/2020 1:22,Servicios,0,,Peluquería Leo Mar,2,,21688_15,si,no,Estandar,0,0,CPS,Peluquería,-74.148001,4.540056
147,9ee72692-dc83-4b1c-84bf-1fed052372da,6/12/2020 1:23,Comercial,0,,Pinturas Multicolores,2,,21688_16,si,no,Estandar,3214828930,0,CPS,Herramientas,-74.148021,4.5401
148,6010a609-6c9e-44a1-8027-bab07196f9b9,6/12/2020 17:25,Comercial,0,,Panadería - Cafeteria - Pasteleria LA UNICA,1,,6289_1,si,no,Estandar,0,0,FISDECO,Panadería,-74.141697,4.548543
149,6441ff02-9766-45de-80bd-058a0c45d39b,6/12/2020 17:39,Comercial,0,,Otto¨s Rock Bar,1,,6289_2,si,no,Estandar,0,0,FISDECO,Licores,-74.141701,4.54855
151,b2e03337-787a-4c7c-841f-2efaebd3cabd,6/26/2020 23:35,Servicios,0,,Internet Google,1,,6289_4,si,no,Estandar,0,0,FISDECO,Telecomunicaciones,-74.14252,4.548749
152,b9e38901-a7ad-4189-8993-2574853cc7b5,7/8/2020 4:49,Otro,0,,0,1,,38448_1,no,no,Estandar,0,0,FISDECO,Indefinido,-74.141998,4.547193
153,ddf53f8b-b6be-48dc-89e9-3a5d378705dd,7/8/2020 5:07,Comercial,0,,Miscelánea y Papelería Mino Mino,1,,35131_1,si,no,Pequeña,0,0,FISDECO,Miscelánea,-74.143145,4.547179
154,ff544f7e-0c48-4c34-8ace-8cc29762da33,7/8/2020 5:10,Comercial,0,,0,1,,35131_2,no,no,Estandar,0,0,FISDECO,Supermercado,-74.143142,4.547138
155,dcd53ef0-3293-4f66-8bee-a02e5a1977c7,7/8/2020 5:19,Comercial,0,,0,1,,35131_3,no,no,Estandar,0,0,FISDECO,Licores,-74.14283,4.546181
156,d5f28958-1224-4935-8bab-86c4f622d33b,7/8/2020 12:27,Otro,0,,0,1,0,35057_1,no,no,Estandar,0,0,FISDECO,Indefinido,-74.142516,4.54534
157,e79fb5b8-98c4-4390-853e-5b2fb649d08a,7/8/2020 12:57,Servicios,0,,C.E.D. Estrella del sur,1,,18502_1,si,no,Estandar,0,0,FISDECO,Educación,-74.142422,4.544907
158,33867792-1017-49f3-8037-9f5ea5678135,7/8/2020 12:59,Otro,0,,0,1,0,10159_1,no,no,Estandar,0,0,FISDECO,Indefinido,-74.143042,4.545147
159,c54c8d98-100b-4d8b-858a-0ec3cd072e73,7/8/2020 13:14,Comercial,0,,Panadería y cafeteria Estrella del sur,1,,10159_2,si,no,Estandar,0,0,FISDECO,Panadería,-74.143258,4.545014
160,b1f94010-2a81-472f-84e1-7fa021009b0d,7/8/2020 13:19,Comercial,0,,0,1,,10159_3,no,no,Estandar,0,0,FISDECO,Cigarrería,-74.143226,4.544929
161,e83d8b16-9038-4343-841f-b0a2ce6a60c6,7/8/2020 13:23,Servicios,0,,Spa de uñas Sami,1,,10159_4,si,no,Estandar,3016742525,0,FISDECO,Spa,-74.143202,4.544842
162,389c3a46-ed9a-43f1-83a5-6b8a7a1010cf,7/8/2020 13:30,Servicios,0,,Paga todo para todos,1,,10159_5,si,no,Estandar,0,0,FISDECO,Juegos,-74.143172,4.544769
163,59beb03b-4d50-4e0e-832b-32274aa4548c,7/8/2020 13:38,Comercial,0,,Surtidora de aves la 22 HR,1,,10159_6,si,no,Estandar,0,0,FISDECO,Distribuidora,-74.143177,4.544671
164,863ba72d-2cc7-466f-825d-6ef7313635d8,7/8/2020 13:42,Comercial,0,,Panadería y pasteleria LALY´s,1,,10159_7,si,no,Estandar,0,0,FISDECO,Panadería,-74.143077,4.544677
165,097535f7-7ca3-4877-83bf-35e2b69ab18c,7/8/2020 13:47,Comercial,0,,Supermercados San Juan,1,,10159_8,si,no,Estandar,0,0,FISDECO,Supermercado,-74.142969,4.54469
166,fba3e148-6917-4d9d-82e0-8690f8e9c4ae,7/8/2020 13:51,Comercial,0,,Pañalera Valis,1,,10159_9,si,no,Estandar,0,0,FISDECO,Pañalera,-74.142895,4.544688
167,a9807b35-6371-4377-86a7-30a24e585502,7/8/2020 13:56,Comercial,0,,Empadas Sam San,1,,10159_10,si,no,Estandar,0,0,FISDECO,Restaurante,-74.142881,4.544694
168,c5bf93bc-87e5-4555-8c6d-bdb01981b478,7/8/2020 14:06,Industrial,0,,Industrias Metalicas,1,,9974_1,si,no,Estandar,3138479933,0,FISDECO,Metalurgica,-74.142621,4.544661
169,df0e8cd5-adb9-4c9a-84ca-122505b22b91,7/8/2020 14:18,Comercial,0,,0,1,,9974_2,si,si,Pequeña,0,0,FISDECO,Floristeria,-74.142714,4.544647
170,c7459555-6bce-440c-8021-af385c712a10,7/8/2020 14:21,Servicios,0,,Mr. Robot,1,,9974_3,si,no,Estandar,0,0,FISDECO,Telecomunicaciones,-74.142794,4.54463
171,5174080b-ed47-4ca8-872b-32cb1ffa23c9,7/8/2020 14:24,Industrial,0,,"Fabrica y renovadora de calzado Lizeth, David y Mayra",1,,9974_4,si,no,Estandar,0,0,FISDECO,Manufactura,-74.142843,4.544625
172,b16424bc-341c-4855-8220-ba0e86e72559,7/8/2020 21:11,Comercial,0,,Comidas Rapidas Mao Parrilla,1,,9974_5,si,no,Estandar,0,0,FISDECO,Restaurante,-74.142913,4.544609
173,a7c43f54-9ecd-4268-826c-52bef70137bb,7/8/2020 21:45,Servicios,0,,Telecomunicaciones la Estrella del sur,1,,9974_6,si,no,Estandar,0,0,FISDECO,Telecomunicaciones,-74.14299,4.544611
174,190687f5-25f2-41d0-8054-04a8e155b2a2,7/8/2020 21:57,Comercial,0,,Remates Cacharreria y piñateria AYA,1,,9974_7,si,no,Estandar,0,0,FISDECO,Remate,-74.143011,4.544606
175,1d8941bc-4a17-470d-8ad3-2169478ea9f0,7/8/2020 22:03,Servicios,0,,Optica blue eyes,1,,9974_8,si,no,Estandar,0,0,FISDECO,Salud,-74.143056,4.544595
176,58a0ff63-bd3e-494e-88ed-ea265749d55c,7/8/2020 22:25,Comercial,0,,0,1,,9974_9,no,no,Estandar,0,0,FISDECO,Ropa,-74.143096,4.544598
177,7c7dd346-926e-4027-86c0-79c5f4e4dc17,7/8/2020 23:08,Comercial,0,,0,1,,9974_10,no,no,Pequeña,0,0,FISDECO,Licores,-74.14258,4.544621
178,5742e54f-b45c-4f58-8dbd-355d9b1d04c5,7/12/2020 15:14,Comercial,0,,0,2,,14581_1,no,no,Estandar,0,0,CPS,Supermercado,-74.146996,4.539516
179,40e53dc7-9ca9-4769-8a51-396c0c3b45f5,7/12/2020 15:46,Servicios,0,,Servientrega,2,,14581_2,si,no,Estandar,0,0,CPS,Mensajeria,-74.147063,4.539542
180,48636685-f899-4793-8f4c-68df225dea0b,7/12/2020 15:56,Comercial,0,,Asadero y Restaurante el Brasero del Tesoro,2,,14581_3,si,no,Estandar,0,0,CPS,Restaurante,-74.147132,4.539575
182,c0f16a7a-6db5-4c2f-86aa-0837fa928043,7/12/2020 16:07,Comercial,0,,0,2,,14581_5,no,no,Estandar,0,0,CPS,Remate,-74.147229,4.539606
183,5fdb7c41-49b1-425f-8c37-50d47a6e6c9f,7/12/2020 16:11,Comercial,0,,0,2,,14581_4,no,no,Estandar,0,0,CPS,Supermercado,-74.147177,4.539592
184,e59392c5-0948-48b2-8b23-556f40181a24,7/12/2020 16:27,Comercial,0,,0,2,,6707_1,no,no,Estandar,0,0,CPS,Ropa,-74.147338,4.539645
185,fdaf15d9-fc8a-4322-8c57-ea5acbfa9236,7/12/2020 16:32,Comercial,0,,Mi Hamburguesa,2,,6707_2,si,no,Estandar,0,0,CPS,Restaurante,-74.147389,4.539663
187,6efceeef-0241-4aea-8652-45d5fb5e40fe,7/12/2020 16:47,Comercial,0,,Cubrelechos Mawal,2,,6707_4,si,no,Estandar,0,0,CPS,Textil,-74.147539,4.539763
188,c01eacb9-6441-4908-88a8-5639557d6713,7/12/2020 16:58,Servicios,0,,Paga Todo para Todos,2,,6707_5,si,no,Estandar,0,0,CPS,Juegos,-74.14773,4.539868
189,7d624188-f155-4cd6-8a76-19cca8496e66,7/12/2020 17:05,Comercial,0,,Confecciones,2,,2172_1,si,no,Pequeña,0,0,CPS,Ropa,-74.147787,4.539952
190,be7d0236-fb7d-47b6-8cf7-931314151847,7/12/2020 17:13,Comercial,0,,"Distribuidora de lacteos y leche ""Wissi""",2,,2172_2,si,no,Estandar,0,0,CPS,Distribuidora,-74.147932,4.540034
191,ac59bda2-1db8-40d4-899a-4b3055b4b4c3,7/12/2020 17:24,Industrial,0,,Colchones,2,,2172_3,si,no,Estandar,3125965039,0,CPS,Manufactura,-74.147904,4.540102
192,388ff29d-56f9-436e-8322-cd5a6c51d7f3,7/12/2020 17:39,Comercial,0,,Miscelánea y Cacharrería,2,,2172_4,si,no,Estandar,0,0,CPS,Remate,-74.147819,4.540218
193,88be8115-4be6-4822-84cc-ee4f012c4f5c,7/12/2020 17:57,Comercial,0,,0,2,,6708_1,no,no,Pequeña,0,0,CPS,Restaurante,-74.146687,4.539407
194,9ac79b3c-e18c-4c5e-8732-7058ca977ef8,7/12/2020 19:19,Servicios,0,,Lavaseco,2,,6708_2,si,no,Estandar,0,0,CPS,Lavado,-74.146738,4.539435
195,fead5b8f-72df-4e27-82e3-5abd644dbd88,7/12/2020 19:21,Servicios,0,,Sala de Belleza D'Yadira,2,,6708_3,si,no,Estandar,0,0,CPS,Peluquería,-74.146775,4.539456
196,1fcb56f9-a926-4a15-8227-bbc927da6bb9,7/12/2020 19:33,Comercial,0,,Distribuidora Jhomar,2,,6708_4,si,no,Estandar,0,0,CPS,Distribuidora,-74.146812,4.53948
197,0bf7a40f-c719-45e7-8af1-218c0870938b,7/12/2020 19:43,Comercial,0,,Cigarrería la 77,2,,6708_5,si,no,Estandar,0,0,CPS,Cigarrería,-74.14685,4.539485
198,8f71e240-4e40-4c71-8d72-ea98b9defaf5,7/12/2020 19:54,Comercial,0,,Variedades Piolin,2,,6708_6,si,no,Estandar,0,0,CPS,Miscelánea,-74.146902,4.539493
199,6f028f33-4609-4064-80bc-c1f3d21ef689,7/12/2020 19:59,Comercial,0,,0,2,,25368_1,no,no,Estandar,0,0,CPS,Miscelánea,-74.146567,4.542156
200,958a557f-978d-450a-8d43-53be6dcaee4e,7/12/2020 22:21,Comercial,0,,El mejor punto cervecero,2,,25368_2,si,no,Estandar,0,0,CPS,Licores,-74.146572,4.542168
201,860307ec-4187-4c22-8382-0448e029de84,7/12/2020 22:23,Comercial,0,,Tienda segura G.Y.O,2,,490_1,si,no,Estandar,0,0,CPS,Licores,-74.146408,4.544508
202,e2089aaa-4956-4b5a-823d-ce92afa47c09,7/12/2020 22:39,Comercial,0,,Panadería Pasteleria Cafeteria Todo Rico,2,,27747_1,si,no,Estandar,0,0,CPS,Panadería,-74.146566,4.541953
203,fa0a1399-8e55-4290-8fda-3197ff54bf9d,7/12/2020 22:46,Comercial,0,,Cigarrería la estrella,2,,39106_2,si,no,Estandar,0,0,CPS,Cigarrería,-74.146526,4.542268
204,4160d983-2373-4316-8af3-5fb15901ff81,7/12/2020 22:50,Comercial,0,,0,2,,39106_1,no,no,Estandar,0,0,CPS,Licores,-74.1465,4.542926
205,3eb610c5-7311-4608-8bed-abec854e489b,7/12/2020 23:00,Comercial,0,,0,2,,1953_1,no,no,Estandar,0,0,CPS,Supermercado,-74.146473,4.542017
206,585a51dd-7ea1-44f3-8d92-ac76d85c2176,7/12/2020 23:03,Servicios,0,,Cafe Internet Mickey Mouse,2,,1953_2,si,no,Estandar,0,0,CPS,Telecomunicaciones,-74.146326,4.542056
207,383e9f88-f8f7-4671-8aaa-d5743f04377a,7/12/2020 23:34,Comercial,0,,0,2,,1953_3,no,no,Estandar,0,0,CPS,Miscelánea,-74.146174,4.542056
208,8296bf55-8fb1-4c16-85b0-d2114390ad93,7/12/2020 23:38,Comercial,0,,Ferretería,2,,1953_4,si,si,Pequeña,0,0,CPS,Herramientas,-74.146065,4.54207
209,1ddde90c-88d3-4f30-8fd5-b1f59acabcfb,7/12/2020 23:53,Comercial,0,,0,2,,1953_5,no,no,Estandar,0,0,CPS,Supermercado,-74.145955,4.542059
210,0978a596-80bf-47f5-87e6-2a3cf262ebca,7/12/2020 23:54,Comercial,0,,0,2,,39109_1,no,no,Estandar,0,0,CPS,Cigarrería,-74.146077,4.543165
211,7355eca6-78cc-45ad-89da-d2e42cd0125b,7/13/2020 0:43,Comercial,0,,0,2,,9141_1,no,no,Estandar,0,0,CPS,Cigarrería,-74.145734,4.544077
212,e9606ce8-9945-424e-8526-b5ca7f5592e6,7/13/2020 0:52,Comercial,0,,0,2,,3930_1,no,no,Estandar,0,0,CPS,Licores,-74.145268,4.543859
213,59e51477-9fdc-4ed7-8503-f0869f0ac30b,7/13/2020 0:55,Comercial,0,,0,2,,3930_2,no,no,Estandar,0,0,CPS,Restaurante,-74.14527,4.543397
214,6fc95f72-8c98-4f31-8f71-dcd8ac537f5f,7/13/2020 0:58,Comercial,0,,0,2,,31415_1,no,no,Pequeña,0,0,CPS,Supermercado,-74.145593,4.542192
215,344802ee-35b0-4f0a-818a-a8e043961e0f,7/13/2020 1:09,Comercial,0,,0,2,,31415_2,si,no,Estandar,0,0,CPS,Remate,-74.145651,4.542194
216,16db67d7-d2c3-4836-85e5-cc23f9d937fd,7/13/2020 1:19,Comercial,0,,"Lacteos, Pollos",2,,31415_3,si,si,Pequeña,0,0,CPS,Distribuidora,-74.145345,4.543272
217,13a7d4c4-5cbf-4316-8543-e514f1caead0,7/13/2020 1:28,Otro,0,,Iglesia Pentecosal Unida de Colombia,2,Iglesia,31415_5,si,no,Estandar,0,0,CPS,Iglesia,-74.14533,4.542401
218,e7c461c3-fec1-45c5-80da-cab3f7faee93,7/13/2020 1:43,Comercial,0,,0,2,,31415_4,no,no,Estandar,0,0,CPS,Supermercado,-74.145351,4.543188
219,c717e600-6750-48f0-8445-3548b338b3a0,7/13/2020 2:06,Comercial,0,,Tienda Romi,2,,42060_1,si,no,Estandar,0,0,CPS,Licores,-74.144564,4.543162
220,25b81110-9561-43ed-896b-4ff3f094ba59,7/13/2020 2:08,Comercial,0,,Justo & Bueno,2,,42060_2,si,no,Estandar,0,0,CPS,Supermercado,-74.145092,4.542278
221,1e8efd7a-e6dd-4dc4-819b-ea734ca774d7,7/13/2020 2:11,Comercial,0,,Confecciones,2,,91940_1,si,no,Pequeña,0,0,CPS,Textil,-74.145369,4.54436
222,1ed74eeb-fd93-4da5-86f2-808be70f5378,7/13/2020 2:19,Comercial,0,,0,2,,91940_2,no,no,Estandar,0,0,CPS,Miscelánea,-74.145315,4.544468
223,7acdfccc-1702-45bb-8043-699b6b9da1b9,7/13/2020 2:33,Comercial,0,,0,2,,41264_1,no,no,Estandar,0,0,CPS,Licores,-74.145319,4.542174
224,65711f45-dbbb-41cb-83eb-4aba15002a5a,7/13/2020 2:54,Comercial,0,,"Distribuidora de Huevos ""H y S""",2,,6707_3,si,no,Pequeña,0,0,CPS,Distribuidora,-74.147402,4.539687
225,32f87a38-d81e-455e-8a3c-9b68a55de9ac,7/14/2020 12:07,Servicios,0,,0,1,,34628_1,no,no,Pequeña,0,0,FISDECO,Reciclaje,-74.143615,4.546148
226,61c0f648-383a-486b-8138-845db2ed65c7,7/14/2020 12:43,Comercial,0,,Panadería Cafeteria Estefy,1,,34628_2,si,si,Pequeña,0,0,FISDECO,Panadería,-74.143826,4.546795
227,6bbd97da-a400-45e0-824d-d55760ad13bb,7/14/2020 12:53,Comercial,0,,0,1,,34628_3,si,si,Estandar,0,0,FISDECO,Licores,-74.143859,4.546891
228,41a3a0c9-500c-46ba-8a9b-c79d2cc4d309,7/14/2020 12:57,Comercial,0,,Panadería M & M,1,,34628_4,si,no,Estandar,0,0,FISDECO,Panadería,-74.143867,4.546949
229,a1b0f147-54ce-469e-8709-46d744d8255e,7/14/2020 13:01,Otro,0,,Asociación de adulto mayor mis mejores años ASOMIMA,1,Asociación,14567_1,si,no,Estandar,0,0,FISDECO,Asociación,-74.143925,4.546903
230,67cef524-0155-433a-88c5-140d5ad46b19,7/14/2020 13:16,Industrial,7659672,,0,1,,14567_2,si,si,Pequeña,3125974668,0,FISDECO,Metalurgica,-74.144213,4.546876
231,f2311a36-a77d-4c7a-8b7f-067c303bd000,7/14/2020 13:29,Comercial,0,,0,1,,14567_3,no,no,Pequeña,0,0,FISDECO,Licores,-74.144286,4.546741
232,f872ea82-357b-4e62-8c99-49dd1530ea27,7/14/2020 13:43,Comercial,0,,Sueños de Bebé,1,,28984_1,si,no,Estandar,3003047072,0,FISDECO,Pañalera,-74.144098,4.545757
233,3361a816-dada-4dd7-8145-06b3d21dc713,7/14/2020 13:47,Comercial,0,,Jehova Jireh Productos de Aseo,1,,28984_2,si,no,Pequeña,0,0,FISDECO,Distribuidora,-74.144108,4.545786
234,93c399e8-38b6-4bcb-8111-787da1433a88,7/14/2020 14:00,Comercial,0,,0,1,,28984_3,no,no,Pequeña,0,0,FISDECO,Cigarrería,-74.144246,4.546302
235,f0e33953-5a1a-4cab-8bd1-0aa17949108f,7/14/2020 14:09,Otro,0,,Comedor comunitario Estrella del sur,1,Comedor Comunitario,28984_4,si,no,Estandar,0,0,FISDECO,Asociación,-74.144874,4.546632
236,0b400086-b192-4280-89bc-8490fa9cdb35,7/14/2020 15:00,Comercial,0,,Variedades Bimas,1,,28984_5,si,no,Pequeña,0,0,FISDECO,Ropa,-74.144724,4.546085
237,d20c553c-b56e-41ee-80ab-86e3925ebc78,7/14/2020 15:15,Comercial,0,,0,1,,10158_1,si,no,Estandar,0,0,FISDECO,Miscelánea,-74.144012,4.545386
238,9d6d56d7-7978-4e1f-8827-6379ec5cf210,7/14/2020 20:22,Comercial,0,,Nuevo mantenimiento Solar,1,,10158_2,si,no,Estandar,0,0,FISDECO,Herramientas,-74.144046,4.545149
239,60429887-11a3-4496-8d0e-97d016be00a6,7/14/2020 20:36,Otro,0,,Iglesia Cruzada Cristiana conquistadores de multitudes Puertas Abiertas,1,Iglesia Facebook: iglesiaconquistadoresdemultitudes,10158_3,si,no,Estandar,0,0,FISDECO,Iglesia,-74.144292,4.545123
240,7de97bdc-7d47-43d6-8f9b-1e5f84e68457,7/14/2020 20:44,Otro,0,,Hogar los solecitos,1,Hogar del ICBF,10158_4,si,no,Pequeña,0,0,FISDECO,Asociación,-74.144588,4.545113
241,0712de1b-9eb3-4d8c-8a3b-fa362e14aa54,7/14/2020 21:10,Comercial,0,,0,1,,10158_5,no,no,Estandar,0,0,FISDECO,Cigarrería,-74.144741,4.54534
242,0cf39ef8-f055-4357-87c7-48d62d31e59b,7/14/2020 21:18,Otro,0,,Osito Panda,1,Hogar del ICBF,10158_6,si,no,Pequeña,0,0,FISDECO,Asociación,-74.144736,4.545357
243,0d7b3d90-434a-493f-8d3d-83dc1a8a31f8,7/14/2020 21:26,Comercial,0,,La francesa,1,,36063_1,si,no,Estandar,0,0,FISDECO,Distribuidora,-74.14323,4.544663
244,ca4fb5fe-8ef0-4e73-8192-7ebf8d52f0e4,7/15/2020 2:51,Servicios,0,,DyS Technology,1,,36063_2,si,no,Estandar,0,0,FISDECO,Telecomunicaciones,-74.143297,4.54465
246,b8f92405-6f27-4941-8721-06bf281f3888,7/15/2020 3:01,Comercial,0,,0,1,,36063_4,no,no,Estandar,0,0,FISDECO,Carniceria,-74.143373,4.544645
247,f2256a9e-bca1-4dfd-8cae-4187438b58f2,7/15/2020 3:05,Comercial,0,,0,1,,36063_5,no,no,Estandar,0,0,FISDECO,Remate,-74.143415,4.544641
248,280967a1-fcae-4a32-8538-e96ee1f0625f,7/15/2020 3:10,Comercial,0,,Maxi Pizza,1,,36063_6,si,no,Estandar,0,0,FISDECO,Restaurante,-74.143464,4.544637
249,7ecb343d-c49e-41ba-87d3-238b45ff5b27,7/15/2020 3:14,Servicios,0,,Campo de tejo y Bolira Don Sabado,1,,36063_7,si,no,Estandar,0,0,FISDECO,Licores,-74.1435,4.544632
250,9d9e4b9c-9b84-40b3-8996-b238e5d4d574,7/15/2020 3:20,Comercial,0,,0,1,,36063_8,no,no,Estandar,0,0,FISDECO,Miscelánea,-74.143539,4.54462
251,b52ab93e-81d2-47e5-8090-70ea60ff562f,7/15/2020 3:23,Comercial,0,,MerkaAbastos La Estrella,1,,36063_9,si,no,Estandar,0,0,FISDECO,Supermercado,-74.143617,4.544612
252,8840d282-aa6c-4826-81a8-9f76aaf3d1b3,7/15/2020 3:29,Comercial,0,,Surtitienda La Estrella,1,,36063_10,si,no,Estandar,0,0,FISDECO,Supermercado,-74.143679,4.544608
253,fdf40be5-fd51-4bc2-8f06-28b9f24186a1,7/15/2020 3:35,Otro,0,,Iglesia Evangelica Discipulos de Cristo de Colombia,1,Iglesia,36063_11,si,no,Pequeña,0,0,FISDECO,Iglesia,-74.143744,4.544666
254,26619594-f2f5-4eba-8027-5606b4f76ac7,7/15/2020 3:39,Comercial,0,,0,1,,36063_12,no,no,Estandar,0,0,FISDECO,Cigarrería,-74.14381,4.544924
255,9e3733c6-a58e-43ed-89eb-03048028feae,7/15/2020 3:50,Servicios,0,,0,1,,36063_13,no,no,Pequeña,0,0,FISDECO,Telecomunicaciones,-74.14337,4.545116
256,d0913744-940f-41f4-880a-14b2a77c9668,7/15/2020 3:58,Comercial,0,,JL Papelería,1,,36063_14,si,no,Pequeña,0,0,FISDECO,Miscelánea,-74.143318,4.544984
257,7be1387e-8fd3-4030-8317-31f15f7b0e66,7/15/2020 4:05,Servicios,0,,0,1,,36063_15,no,no,Estandar,0,0,FISDECO,Taller,-74.143272,4.544822
258,76936cae-06a7-44d0-8883-a180ed214fc6,7/15/2020 4:08,Comercial,0,,Ferretería y electricos la Estrella,1,,36063_16,si,no,Estandar,0,0,FISDECO,Herramientas,-74.14326,4.544774
259,d01103ff-6771-4bd9-8817-ea87550c7e7d,7/15/2020 4:14,Servicios,0,,0,1,,36063_17,no,no,Estandar,0,0,FISDECO,Telecomunicaciones,-74.143254,4.544731
260,df064e92-1af4-4470-81c7-a331f16eb136,7/15/2020 4:23,Comercial,0,,Droguería Super Dazi,1,,27608_1,si,no,Estandar,0,0,FISDECO,Droguería,-74.14322,4.544594
261,c94429e9-3553-4fe3-86fe-044ccd410cef,7/15/2020 4:29,Servicios,0,,0,1,,27608_2,si,no,Estandar,0,0,FISDECO,Telecomunicaciones,-74.14329,4.544583
262,5b6d3840-58ca-4513-802c-10243bb6f25b,7/15/2020 4:34,Servicios,0,,Sala de belleza Geraldine,1,,27608_3,si,no,Estandar,0,0,FISDECO,Peluquería,-74.143307,4.544582
263,aac4a0c2-f8e2-483c-8b51-6c3fdccd30a2,7/15/2020 4:39,Comercial,0,,Asadero restaurante Chicken Estrella,1,,27608_4,si,no,Estandar,0,0,FISDECO,Restaurante,-74.143359,4.544581
264,15b86120-b27f-406e-8e47-01fa70b0bbdc,7/15/2020 4:43,Comercial,0,,Tamales Luz,1,,27608_5,si,no,Estandar,0,0,FISDECO,Restaurante,-74.143378,4.544577
265,de93897a-35d9-4827-88f3-5d11fc215e3e,7/15/2020 4:47,Comercial,0,,Pizzeria-Heladeria- Fruteria Express,1,,27608_6,si,no,Estandar,0,0,FISDECO,Restaurante,-74.143431,4.544573
266,b4ddc52c-0d32-483a-8c6f-66382afb83df,7/15/2020 4:52,Comercial,0,,0,1,,27608_7,no,no,Estandar,0,0,FISDECO,Remate,-74.143454,4.544563
267,e1025bf2-033d-40fe-880d-8c0e623bfbb9,7/15/2020 4:57,Comercial,0,,Ferretería M y M,1,,27608_8,si,no,Estandar,3138402401,3102146919,FISDECO,Herramientas,-74.143484,4.544562
268,daeda82a-971a-4135-88b2-4e98d68374d7,7/15/2020 5:04,Comercial,0,,Comidas rapidas Hugos,1,,27608_9,si,no,Estandar,0,0,FISDECO,Restaurante,-74.143519,4.54451
269,22c854b0-a377-4747-884d-ee5163486548,7/15/2020 5:09,Comercial,7909126,,Concentrado y alimentos Nico,1,,27608_10,si,no,Estandar,3124961499,0,FISDECO,Mascotas,-74.143509,4.544472
270,214ca7ee-248e-4068-89fc-61db9e4827e7,7/15/2020 5:16,Servicios,0,,0,1,,27608_11,no,no,Pequeña,0,0,FISDECO,Educación,-74.143501,4.544451
271,9127db36-b44c-416b-822f-f3e6d4aef9f5,7/15/2020 5:24,Comercial,7618321,,Deposito el maestro,1,,27608_12,si,no,Estandar,0,0,FISDECO,Herramientas,-74.143492,4.544404
272,52300993-74cc-48f2-89c9-ec0e5f294fdf,7/15/2020 5:33,Servicios,0,,Compraventa Zafiro ideal,1,,27608_13,si,no,Estandar,0,0,FISDECO,Compraventa,-74.143483,4.544354
273,ed9b1206-04fd-4d1a-8d98-a9ad4a6fb760,7/15/2020 5:39,Comercial,7905408,,Droguería Dromega,1,,27608_14,si,no,Estandar,0,0,FISDECO,Droguería,-74.143472,4.544308
274,4656b306-f943-4457-8fd5-28cb70e79ad3,7/15/2020 5:44,Comercial,0,,Panadería y Cafeteria Pao y Cami,1,,27608_15,si,no,Estandar,0,0,FISDECO,Panadería,-74.143456,4.544261
275,8e1c372c-f375-402a-8b3d-a4ad10872661,7/15/2020 5:48,Servicios,0,,0,1,,27608_16,si,no,Estandar,0,0,FISDECO,Telecomunicaciones,-74.143442,4.544194
276,8b2a07d6-4786-4db0-8ece-ec33ad37bdc8,7/15/2020 5:53,Servicios,0,,Lavaseco Extra Lujo,1,,27608_17,si,no,Estandar,0,0,FISDECO,Lavado,-74.143443,4.544179
277,6d4e7256-ca18-440c-8251-98ebffb531ee,7/15/2020 5:58,Servicios,0,,Paga todo para todos,1,,27608_18,si,no,Estandar,0,0,FISDECO,Juegos,-74.14342,4.544111
278,739487b1-360e-47d0-8cc0-268d0c474cbc,7/15/2020 6:02,Servicios,0,,Servientrega,1,,27608_19,si,no,Estandar,0,0,FISDECO,Juegos,-74.14341,4.544079
279,c6103da4-a437-446b-8412-953349b0aa8f,7/15/2020 6:06,Comercial,0,,Postres,1,,27608_20,si,no,Estandar,0,0,FISDECO,Restaurante,-74.143405,4.544061
280,1be4a6bf-0351-44be-8582-90d22158d65c,7/15/2020 6:11,Servicios,0,,0,1,,27608_21,no,no,Estandar,0,0,FISDECO,Peluquería,-74.143387,4.544042
281,e6432ba9-8ee0-447b-83c4-6a521ffc59bb,7/15/2020 6:17,Comercial,0,,Restaurante el punto del sabor,1,,27608_22,si,no,Estandar,0,0,FISDECO,Restaurante,-74.14315,4.544437
282,c510c37d-03e6-4e21-8936-6724770a8779,7/15/2020 6:23,Servicios,0,,Tato Barber,1,,27608_23,si,no,Estandar,0,0,FISDECO,Peluquería,-74.143159,4.544481
283,2819c475-333f-49c6-80ad-487cfa3b6257,7/15/2020 12:03,Servicios,0,,Billares,1,,9610_1,si,no,Estandar,0,0,FISDECO,Licores,-74.144224,4.544136
284,dc8bcc45-3e9b-479a-8591-01a129a9e548,7/15/2020 12:10,Comercial,0,,0,1,,18640_1,si,si,Pequeña,0,0,FISDECO,Cigarrería,-74.143811,4.544615
285,f936bc2f-1128-46b0-818d-fe3436a09950,7/15/2020 12:26,Comercial,0,,0,1,,18640_2,no,no,Pequeña,0,0,FISDECO,Supermercado,-74.143885,4.544612
286,27ab1cca-d048-4b1d-8115-01558d43d38d,7/15/2020 12:28,Servicios,0,,0,1,,18640_3,si,si,Estandar,0,0,FISDECO,Reciclaje,-74.143966,4.544616
287,ddf5d886-0937-4ad5-8971-c334434a1764,7/15/2020 12:35,Comercial,0,,Carnes Fis Gonzalez,1,,41265_1,si,no,Estandar,0,0,FISDECO,Distribuidora,-74.143608,4.54451
288,5f20ebee-a8be-4d56-80ac-96bdb13aa7ef,7/15/2020 12:37,Servicios,7904084,,Vidriería y Marquetería J y D,1,,41265_2,si,no,Estandar,0,0,FISDECO,Muebles,-74.143603,4.544468
289,d3d87120-412d-45a4-8c3e-19ef0a204f9e,7/15/2020 12:40,Comercial,0,,Distribuidora el diamante,1,,41265_3,si,no,Estandar,0,0,FISDECO,Distribuidora,-74.143583,4.544395
290,2643f680-276a-4c97-8fcf-7ff84c0ee1c2,7/15/2020 12:44,Comercial,0,,Papelería el imperio,1,,41265_4,si,no,Estandar,0,0,FISDECO,Miscelánea,-74.14357,4.544355
291,1c9ce3ff-c348-4b05-88f1-f8485ea0fc1d,7/15/2020 12:47,Comercial,0,,Carnes y veerduras la estrella,1,,41265_5,si,no,Estandar,0,0,FISDECO,Supermercado,-74.143548,4.544236
292,f656011b-13ed-409c-8b01-7635c3d07e91,7/15/2020 12:50,Comercial,0,,Paste pan express de la estrella,1,,41265_6,si,no,Estandar,0,0,FISDECO,Panadería,-74.143565,4.544171
293,7c5c6845-aa21-4192-8b9b-3f660447a7ff,7/15/2020 12:57,Comercial,0,,Distribuidora la estrella,1,,41265_7,si,no,Estandar,0,0,FISDECO,Distribuidora,-74.143685,4.544109
294,04daddb2-f3f1-43e2-86fe-ffbe009be871,7/15/2020 12:59,Comercial,0,,Jhuly fruver,1,,41265_8,si,no,Estandar,0,0,FISDECO,Supermercado,-74.143739,4.544102
295,79d528dc-99f5-4cf2-85d4-4ee585ee08fb,7/15/2020 22:05,Comercial,0,,Restaurante y tamalería Luz,1,,41265_9,si,no,Estandar,0,0,FISDECO,Restaurante,-74.143753,4.544542
296,19c14892-1691-4f9a-85a9-c128e3caeefe,7/15/2020 22:14,Servicios,0,,Mayeraw,1,,41265_10,si,no,Estandar,0,0,FISDECO,Telecomunicaciones,-74.143808,4.544539
297,584561d9-5576-4156-8205-e2f2c9410044,7/15/2020 22:34,Servicios,0,,Billares mixto - Cancha de Tejo y Mini tejo Don Sábado,1,,18503_1,si,no,Estandar,3112058378,0,FISDECO,Licores,-74.14406,4.544268
298,75a70543-e75a-4783-8b71-c3a865f89d92,7/15/2020 22:38,Comercial,0,,Asadero la 34 No. 2,1,,18503_2,si,no,Estandar,0,0,FISDECO,Restaurante,-74.144017,4.544108
299,74e79a26-6612-4a23-8fff-add566db365c,7/15/2020 22:45,Comercial,0,,Surtihogar la estrella,1,,18503_3,si,no,Estandar,0,0,FISDECO,Supermercado,-74.143832,4.544087
300,2872086b-ba1a-409a-8c56-9d308129db34,7/15/2020 22:54,Servicios,0,,Odonto Nico,1,,36063_3,si,no,Estandar,3143522728,3123804809,FISDECO,Salud,-74.143332,4.544657
301,b19c9e33-b925-45dc-8229-edd5510ad014,8/1/2020 19:54,Servicios,0,,Sala de Belleza KUKETA,2,,38674_1,si,no,Estandar,0,0,FISDECO,Peluquería,-74.140497,4.549323
302,fa9b54bb-54f1-4797-8367-36da8a3bf43b,8/1/2020 20:01,Industrial,0,,0,2,,38674_2,no,no,Estandar,0,0,FISDECO,Carpinteria,-74.140889,4.549571
303,7a91633a-b0c8-43b3-8ea0-36a903975c5b,8/1/2020 20:06,Servicios,0,,0,2,,38674_3,no,no,Estandar,0,0,FISDECO,Reciclaje,-74.140765,4.54919
304,7e5c8c22-58ce-456c-8d68-3062a51febca,8/1/2020 20:20,Servicios,0,,Arreglos de Costuras,2,,14809_1,no,no,Pequeña,0,0,FISDECO,Textil,-74.141134,4.54929
305,a8c6c906-966d-4e0d-8ee6-65a0e9998522,8/1/2020 20:23,Industrial,0,,0,2,,14809_2,no,no,Estandar,0,0,FISDECO,Metalurgica,-74.141179,4.549505
306,dc5330ec-3fde-40b4-867e-1f2bb904abe1,8/1/2020 20:30,Industrial,0,,Taller de Ormentación S.K.Y.B,2,,14809_4,si,no,Estandar,0,0,FISDECO,Metalurgica,-74.141735,4.549217
307,93f1fe2b-8312-491b-82ab-d9c4d46cef4b,8/1/2020 21:00,Servicios,6915900,,S.E.N.A,2,,14809_5,si,no,Estandar,3043532679,0,FISDECO,Educación,-74.141728,4.549163
308,7ed0111e-9e74-46b6-81b9-aac236337c53,8/1/2020 21:18,Servicios,0,,Reparación de maquis de coser,2,,14809_6,si,no,Pequeña,0,0,FISDECO,Textil,-74.141673,4.548991
309,d4c78195-c265-4e0e-8353-560b43504b24,8/1/2020 21:20,Otro,0,,Remontadora,2,0,37556_1,si,si,Estandar,0,0,FISDECO,Indefinido,-74.140769,4.549676
310,a1b370bc-a661-41a5-83c6-e468bcceaa52,8/1/2020 21:23,Comercial,0,,0,2,,37556_2,no,no,Estandar,0,0,FISDECO,Cigarrería,-74.140928,4.549645
311,d7586b22-573f-4ab8-815d-a60278394d5c,8/1/2020 21:26,Otro,0,,Iglesia Pentecostal Unida de Colombia,2,Iglesia,37556_3,si,no,Estandar,0,0,FISDECO,Iglesia,-74.141031,4.549617
312,ce913a15-927f-44c7-8c55-ebe153baeadb,8/1/2020 21:30,Comercial,0,,Restaurante,2,,37556_4,si,no,Estandar,0,0,FISDECO,Restaurante,-74.141133,4.549662
313,8f7339e6-b916-4ebe-8372-fe8aaf0902ca,8/1/2020 21:37,Comercial,0,,Toy Story Piñateria Desechables,2,,37556_5,si,no,Estandar,0,0,FISDECO,Remate,-74.141149,4.549748
314,aea8c545-3627-4212-8a71-6e65ea1f22ec,8/1/2020 21:46,Comercial,0,,Exquisitez del pacifico,2,,37556_6,si,no,Estandar,0,0,FISDECO,Restaurante,-74.141164,4.549809
315,e24e4a0e-5f6e-4a32-86b5-3d77022f66b7,8/1/2020 21:50,Servicios,0,,Peluquería Emmanuel,2,,37556_7,si,no,Estandar,0,0,FISDECO,Peluquería,-74.141172,4.549885
316,40f42b0e-b1a8-4731-88ff-2193f00010f2,8/1/2020 21:52,Comercial,0,,Papelería Detalles,2,,37556_8,si,no,Estandar,0,0,FISDECO,Miscelánea,-74.141154,4.550038
317,1c449d3f-9150-41b5-87d1-c375ab3fde1b,8/1/2020 22:01,Comercial,0,,Veteriria Jiman,2,,37556_9,si,no,Estandar,0,0,FISDECO,Mascotas,-74.141093,4.550051
318,6ed4c8b1-6611-4c94-85c6-99da503831a7,8/1/2020 22:58,Servicios,0,,Centro Juan Bosco Obrero,2,,20837_1,si,no,Estandar,0,0,CPS,Educación,-74.147584,4.543739
150,0a2abacb-f4eb-4262-81b1-5a4122555089,6/26/2020 23:17,Servicios,0,,Reparación de estufas electricas,1,,14810_1,si,no,Estandar,0,0,FISDECO,Taller,-74.142035,4.548928
319,24acb87d-307f-4765-8909-8c3b5a3310c6,1/08/2020  17:05:00 p. m.,Servicios,0,NA,Peluquería Shaloan,2,NA,37556_10,si,no,Estandar,0,0,FISDECO,Peluquería,-74.141037,4.550063
